Object name,Cost,link
Soldering iron,$12.76,https://aliexpress.ru/item/33052506638.html?spm=a2g2w.cart.cart_split.2.57294aa6AC23aP&sku_id=12000032616421342
Stabilizers,$9,https://aliexpress.ru/item/1005006528731543.html?spm=a2g2w.cart.cart_split.4.182a4aa6UvSz3j&sku_id=12000039275106552
Switchs,$24.4,https://aliexpress.ru/item/1005009446526905.html?spm=a2g2w.cart.cart_split.2.36c84aa6Uj1yYg&sku_id=12000049127519972
Diodes x3,$6.12,https://aliexpress.ru/item/1005008957914820.html?spm=a2g2w.cart.cart_split.8.36c84aa6Uj1yYg&sku_id=12000047366893545
Pico,$2.2,https://aliexpress.ru/item/1005003371056277.html?sku_id=12000035247643698
Soldering iron,$4.36,https://aliexpress.ru/item/32889029087.html?shpMethod=AE_CN_SUPER_ECONOMY_G&sku_id=12000036063038181&spm=a2g2w.productlist.search_results.0.5a2f3831nIBAqg
Filament price for 3d print,,
Object name,Weight,Cost
Case.step,"190,84g",$3.81
f9.step,1.1g,$0.02
1.step,1.09g,$0.02
2.step,11.02g,$0.22
3.step,14.94g,$0.3
4.step,7.03g,$0.14
5.step,"14,88g",$0.3
6.step,7.9g,$0.16
7.step,17.75g,$0.35
8.step,20.45g,$0.41
9.step,19.83g,$0.4
WARNING: Weight and cost all of this stolen from Bambu Studio. (Plastic is PLA Basic),,